<?xml version="1.0" encoding="UTF-8" ?>
<!DOCTYPE configuration
  PUBLIC "-//mybatis.org//DTD Config 3.0//EN"
  "http://mybatis.org/dtd/mybatis-3-config.dtd">

<configuration>

	<!-- 读取配置文件 -->
	<properties resource="db.properties" />

	<!-- //配置别名 -->
	<!-- <typeAliases> -->
	<!-- <typeAlias type="com.sikiedu.bean.User" alias="user"/> -->
	<!-- </typeAliases> -->

	<environments default="development">
		<environment id="development">

			<!-- 使用jdbc的事物 -->
		<transactionManager type="JDBC"/>
			<!-- 使用连接池链接数据库 -->
			<dataSource type="POOLED"><!-- value值通过读取配置文件来加载 -->
<!-- 				<property name="driver" value="${jdbc.driver}" /> -->
<!-- 				<property name="url" value="${jdbc.url}" /> -->
<!-- 				<property name="username" value="${jdbc.username}" /> -->
<!-- 				<property name="password" value="${jdbc.password}" /> -->
				<property name="driver" value="com.mysql.jdbc.Driver" />
				<property name="url" value="jdbc:mysql://localhost:3308/ssm_mybatis" />
				<property name="username" value="root" />
				<property name="password" value="root" />
			</dataSource>
		</environment>
	</environments>


	<mappers>
		<mapper resource="mapper/UserMapper.xml" />
	</mappers>

</configuration>